timestamp_utc,device_id,boat_id,lat,lon,heading_deg,mq135_ppm,mq2_ppm,soil_dry_belt_pct,soil_wet_belt_pct,loadcell_grams,tds_ppm,ultrasonic_cm,proximity_inductive,image_path,yolo_raw,waste_category,waste_subtype,collection_event,collection_bin_id,battery_volt,rssi
2025-11-21 18:03:00,,,22.5726,88.3639,110,,,,,,390,45,,C:\Users\SANTAM\Desktop\Waste-Segregator-SIH2025\backend\data\images\20251121_180243_523153.jpg,-,-,-,,,
2025-11-21 18:03:11,,,22.5726,88.3639,110,,,,,,390,45,,C:\Users\SANTAM\Desktop\Waste-Segregator-SIH2025\backend\data\images\20251121_180302_566225.jpg,-,-,-,,,
2025-11-21 18:03:25,,,22.5726,88.3639,110,,,,,,390,45,,C:\Users\SANTAM\Desktop\Waste-Segregator-SIH2025\backend\data\images\20251121_180315_696312.jpg,-,-,-,,,
2025-11-21 18:03:35,,,22.5726,88.3639,110,,,,,,390,45,,C:\Users\SANTAM\Desktop\Waste-Segregator-SIH2025\backend\data\images\20251121_180329_280779.jpg,-,-,-,,,
2025-11-21 18:03:46,,,22.5726,88.3639,110,,,,,,390,45,,C:\Users\SANTAM\Desktop\Waste-Segregator-SIH2025\backend\data\images\20251121_180339_997890.jpg,-,-,-,,,
2025-11-21 18:03:57,,,22.5726,88.3639,110,,,,,,390,45,,C:\Users\SANTAM\Desktop\Waste-Segregator-SIH2025\backend\data\images\20251121_180350_895944.jpg,-,-,-,,,
2025-11-21 18:04:07,,,22.5726,88.3639,110,,,,,,390,45,,C:\Users\SANTAM\Desktop\Waste-Segregator-SIH2025\backend\data\images\20251121_180401_136205.jpg,-,-,-,,,
2025-11-21 18:04:13,,,22.5726,88.3639,110,,,,,,390,45,,C:\Users\SANTAM\Desktop\Waste-Segregator-SIH2025\backend\data\images\20251121_180411_653961.jpg,-,-,-,,,
2025-11-21 18:04:22,,,22.5726,88.3639,110,,,,,,390,45,,C:\Users\SANTAM\Desktop\Waste-Segregator-SIH2025\backend\data\images\20251121_180417_687163.jpg,-,-,-,,,
2025-11-21 18:04:34,,,22.5726,88.3639,110,,,,,,390,45,,C:\Users\SANTAM\Desktop\Waste-Segregator-SIH2025\backend\data\images\20251121_180426_404131.jpg,-,-,-,,,
2025-11-21 18:04:40,,,22.5726,88.3639,110,,,,,,390,45,,C:\Users\SANTAM\Desktop\Waste-Segregator-SIH2025\backend\data\images\20251121_180438_779093.jpg,-,-,-,,,
2025-11-21 18:04:52,,,22.5726,88.3639,110,,,,,,390,45,,C:\Users\SANTAM\Desktop\Waste-Segregator-SIH2025\backend\data\images\20251121_180444_764298.jpg,-,-,-,,,
2025-11-21 18:05:04,,,22.5726,88.3639,110,,,,,,390,45,,C:\Users\SANTAM\Desktop\Waste-Segregator-SIH2025\backend\data\images\20251121_180456_630616.jpg,-,-,-,,,
2025-11-21 18:05:15,,,22.5726,88.3639,110,,,,,,390,45,,C:\Users\SANTAM\Desktop\Waste-Segregator-SIH2025\backend\data\images\20251121_180508_307981.jpg,-,-,-,,,
2025-11-21 18:05:25,,,22.5726,88.3639,110,,,,,,390,45,,C:\Users\SANTAM\Desktop\Waste-Segregator-SIH2025\backend\data\images\20251121_180519_277581.jpg,-,-,-,,,
2025-11-21 18:05:40,,,22.5726,88.3639,110,,,,,,390,45,,C:\Users\SANTAM\Desktop\Waste-Segregator-SIH2025\backend\data\images\20251121_180529_446358.jpg,-,-,-,,,
2025-11-21 18:05:52,,,22.5726,88.3639,110,,,,,,390,45,,C:\Users\SANTAM\Desktop\Waste-Segregator-SIH2025\backend\data\images\20251121_180544_524968.jpg,-,-,-,,,
2025-11-21 18:06:03,,,22.5726,88.3639,110,,,,,,390,45,,C:\Users\SANTAM\Desktop\Waste-Segregator-SIH2025\backend\data\images\20251121_180556_183031.jpg,-,-,-,,,
2025-11-21 18:06:14,,,22.5726,88.3639,110,,,,,,390,45,,C:\Users\SANTAM\Desktop\Waste-Segregator-SIH2025\backend\data\images\20251121_180607_857884.jpg,-,-,-,,,
2025-11-21 18:06:24,,,22.5726,88.3639,110,,,,,,390,45,,C:\Users\SANTAM\Desktop\Waste-Segregator-SIH2025\backend\data\images\20251121_180618_055594.jpg,-,-,-,,,
2025-11-21 18:06:33,,,22.5726,88.3639,110,,,,,,390,45,,C:\Users\SANTAM\Desktop\Waste-Segregator-SIH2025\backend\data\images\20251121_180628_113145.jpg,-,-,-,,,
2025-11-21 18:06:42,,,22.5726,88.3639,110,,,,,,390,45,,C:\Users\SANTAM\Desktop\Waste-Segregator-SIH2025\backend\data\images\20251121_180637_667757.jpg,-,-,-,,,
2025-11-21 18:06:51,,,22.5726,88.3639,110,,,,,,390,45,,C:\Users\SANTAM\Desktop\Waste-Segregator-SIH2025\backend\data\images\20251121_180646_963765.jpg,-,-,-,,,
2025-11-21 18:07:01,,,22.5726,88.3639,110,,,,,,390,45,,C:\Users\SANTAM\Desktop\Waste-Segregator-SIH2025\backend\data\images\20251121_180655_934200.jpg,-,-,-,,,
2025-11-21 18:07:11,,,22.5726,88.3639,110,,,,,,390,45,,C:\Users\SANTAM\Desktop\Waste-Segregator-SIH2025\backend\data\images\20251121_180705_073817.jpg,-,-,-,,,
2025-11-21 18:07:22,,,22.5726,88.3639,110,,,,,,390,45,,C:\Users\SANTAM\Desktop\Waste-Segregator-SIH2025\backend\data\images\20251121_180715_150150.jpg,-,-,-,,,
2025-11-21 18:07:32,,,22.5726,88.3639,110,,,,,,390,45,,C:\Users\SANTAM\Desktop\Waste-Segregator-SIH2025\backend\data\images\20251121_180726_941219.jpg,-,-,-,,,
2025-11-21 18:07:41,,,22.5726,88.3639,110,,,,,,390,45,,C:\Users\SANTAM\Desktop\Waste-Segregator-SIH2025\backend\data\images\20251121_180736_199996.jpg,-,-,-,,,
2025-11-21 18:07:50,,,22.5726,88.3639,110,,,,,,390,45,,C:\Users\SANTAM\Desktop\Waste-Segregator-SIH2025\backend\data\images\20251121_180745_213644.jpg,-,-,-,,,
2025-11-21 18:07:59,,,22.5726,88.3639,110,,,,,,390,45,,C:\Users\SANTAM\Desktop\Waste-Segregator-SIH2025\backend\data\images\20251121_180754_950330.jpg,-,-,-,,,
2025-11-21 18:08:05,,,22.5726,88.3639,110,,,,,,390,45,,C:\Users\SANTAM\Desktop\Waste-Segregator-SIH2025\backend\data\images\20251121_180803_494701.jpg,-,-,-,,,
2025-11-21 18:08:14,,,22.5726,88.3639,110,,,,,,390,45,,C:\Users\SANTAM\Desktop\Waste-Segregator-SIH2025\backend\data\images\20251121_180809_406138.jpg,-,-,-,,,timestamp,lat,lon,ultrasonic,temp,tds,compass,image_path,waste,waste_type
2025-11-21 18:03:00,22.5726,88.3639,45,27.1,390,110,C:\Users\SANTAM\Desktop\Waste-Segregator-SIH2025\backend\data\images\20251121_180243_523153.jpg,-,-
2025-11-21 18:03:11,22.5726,88.3639,45,27.1,390,110,C:\Users\SANTAM\Desktop\Waste-Segregator-SIH2025\backend\data\images\20251121_180302_566225.jpg,-,-
2025-11-21 18:03:25,22.5726,88.3639,45,27.1,390,110,C:\Users\SANTAM\Desktop\Waste-Segregator-SIH2025\backend\data\images\20251121_180315_696312.jpg,-,-
2025-11-21 18:03:35,22.5726,88.3639,45,27.1,390,110,C:\Users\SANTAM\Desktop\Waste-Segregator-SIH2025\backend\data\images\20251121_180329_280779.jpg,-,-
2025-11-21 18:03:46,22.5726,88.3639,45,27.1,390,110,C:\Users\SANTAM\Desktop\Waste-Segregator-SIH2025\backend\data\images\20251121_180339_997890.jpg,-,-
2025-11-21 18:03:57,22.5726,88.3639,45,27.1,390,110,C:\Users\SANTAM\Desktop\Waste-Segregator-SIH2025\backend\data\images\20251121_180350_895944.jpg,-,-
2025-11-21 18:04:07,22.5726,88.3639,45,27.1,390,110,C:\Users\SANTAM\Desktop\Waste-Segregator-SIH2025\backend\data\images\20251121_180401_136205.jpg,-,-
2025-11-21 18:04:13,22.5726,88.3639,45,27.1,390,110,C:\Users\SANTAM\Desktop\Waste-Segregator-SIH2025\backend\data\images\20251121_180411_653961.jpg,-,-
2025-11-21 18:04:22,22.5726,88.3639,45,27.1,390,110,C:\Users\SANTAM\Desktop\Waste-Segregator-SIH2025\backend\data\images\20251121_180417_687163.jpg,-,-
2025-11-21 18:04:34,22.5726,88.3639,45,27.1,390,110,C:\Users\SANTAM\Desktop\Waste-Segregator-SIH2025\backend\data\images\20251121_180426_404131.jpg,-,-
2025-11-21 18:04:40,22.5726,88.3639,45,27.1,390,110,C:\Users\SANTAM\Desktop\Waste-Segregator-SIH2025\backend\data\images\20251121_180438_779093.jpg,-,-
2025-11-21 18:04:52,22.5726,88.3639,45,27.1,390,110,C:\Users\SANTAM\Desktop\Waste-Segregator-SIH2025\backend\data\images\20251121_180444_764298.jpg,-,-
2025-11-21 18:05:04,22.5726,88.3639,45,27.1,390,110,C:\Users\SANTAM\Desktop\Waste-Segregator-SIH2025\backend\data\images\20251121_180456_630616.jpg,-,-
2025-11-21 18:05:15,22.5726,88.3639,45,27.1,390,110,C:\Users\SANTAM\Desktop\Waste-Segregator-SIH2025\backend\data\images\20251121_180508_307981.jpg,-,-
2025-11-21 18:05:25,22.5726,88.3639,45,27.1,390,110,C:\Users\SANTAM\Desktop\Waste-Segregator-SIH2025\backend\data\images\20251121_180519_277581.jpg,-,-
2025-11-21 18:05:40,22.5726,88.3639,45,27.1,390,110,C:\Users\SANTAM\Desktop\Waste-Segregator-SIH2025\backend\data\images\20251121_180529_446358.jpg,-,-
2025-11-21 18:05:52,22.5726,88.3639,45,27.1,390,110,C:\Users\SANTAM\Desktop\Waste-Segregator-SIH2025\backend\data\images\20251121_180544_524968.jpg,-,-
2025-11-21 18:06:03,22.5726,88.3639,45,27.1,390,110,C:\Users\SANTAM\Desktop\Waste-Segregator-SIH2025\backend\data\images\20251121_180556_183031.jpg,-,-
2025-11-21 18:06:14,22.5726,88.3639,45,27.1,390,110,C:\Users\SANTAM\Desktop\Waste-Segregator-SIH2025\backend\data\images\20251121_180607_857884.jpg,-,-
2025-11-21 18:06:24,22.5726,88.3639,45,27.1,390,110,C:\Users\SANTAM\Desktop\Waste-Segregator-SIH2025\backend\data\images\20251121_180618_055594.jpg,-,-
2025-11-21 18:06:33,22.5726,88.3639,45,27.1,390,110,C:\Users\SANTAM\Desktop\Waste-Segregator-SIH2025\backend\data\images\20251121_180628_113145.jpg,-,-
2025-11-21 18:06:42,22.5726,88.3639,45,27.1,390,110,C:\Users\SANTAM\Desktop\Waste-Segregator-SIH2025\backend\data\images\20251121_180637_667757.jpg,-,-
2025-11-21 18:06:51,22.5726,88.3639,45,27.1,390,110,C:\Users\SANTAM\Desktop\Waste-Segregator-SIH2025\backend\data\images\20251121_180646_963765.jpg,-,-
2025-11-21 18:07:01,22.5726,88.3639,45,27.1,390,110,C:\Users\SANTAM\Desktop\Waste-Segregator-SIH2025\backend\data\images\20251121_180655_934200.jpg,-,-
2025-11-21 18:07:11,22.5726,88.3639,45,27.1,390,110,C:\Users\SANTAM\Desktop\Waste-Segregator-SIH2025\backend\data\images\20251121_180705_073817.jpg,-,-
2025-11-21 18:07:22,22.5726,88.3639,45,27.1,390,110,C:\Users\SANTAM\Desktop\Waste-Segregator-SIH2025\backend\data\images\20251121_180715_150150.jpg,-,-
2025-11-21 18:07:32,22.5726,88.3639,45,27.1,390,110,C:\Users\SANTAM\Desktop\Waste-Segregator-SIH2025\backend\data\images\20251121_180726_941219.jpg,-,-
2025-11-21 18:07:41,22.5726,88.3639,45,27.1,390,110,C:\Users\SANTAM\Desktop\Waste-Segregator-SIH2025\backend\data\images\20251121_180736_199996.jpg,-,-
2025-11-21 18:07:50,22.5726,88.3639,45,27.1,390,110,C:\Users\SANTAM\Desktop\Waste-Segregator-SIH2025\backend\data\images\20251121_180745_213644.jpg,-,-
2025-11-21 18:07:59,22.5726,88.3639,45,27.1,390,110,C:\Users\SANTAM\Desktop\Waste-Segregator-SIH2025\backend\data\images\20251121_180754_950330.jpg,-,-
2025-11-21 18:08:05,22.5726,88.3639,45,27.1,390,110,C:\Users\SANTAM\Desktop\Waste-Segregator-SIH2025\backend\data\images\20251121_180803_494701.jpg,-,-
2025-11-21 18:08:14,22.5726,88.3639,45,27.1,390,110,C:\Users\SANTAM\Desktop\Waste-Segregator-SIH2025\backend\data\images\20251121_180809_406138.jpg,-,-
2025-11-21 18:08:23,22.5726,88.3639,45,27.1,390,110,C:\Users\SANTAM\Desktop\Waste-Segregator-SIH2025\backend\data\images\20251121_180818_431334.jpg,-,-
2025-11-21 18:08:33,22.5726,88.3639,45,27.1,390,110,C:\Users\SANTAM\Desktop\Waste-Segregator-SIH2025\backend\data\images\20251121_180827_980830.jpg,-,-
2025-11-21 18:08:42,22.5726,88.3639,45,27.1,390,110,C:\Users\SANTAM\Desktop\Waste-Segregator-SIH2025\backend\data\images\20251121_180837_648915.jpg,-,-
2025-11-21 18:08:51,22.5726,88.3639,45,27.1,390,110,C:\Users\SANTAM\Desktop\Waste-Segregator-SIH2025\backend\data\images\20251121_180847_019864.jpg,-,-
2025-11-21 18:09:00,22.5726,88.3639,45,27.1,390,110,C:\Users\SANTAM\Desktop\Waste-Segregator-SIH2025\backend\data\images\20251121_180855_948954.jpg,-,-
2025-11-21 18:09:08,22.5726,88.3639,45,27.1,390,110,C:\Users\SANTAM\Desktop\Waste-Segregator-SIH2025\backend\data\images\20251121_180904_437686.jpg,-,-
2025-11-21 18:09:17,22.5726,88.3639,45,27.1,390,110,C:\Users\SANTAM\Desktop\Waste-Segregator-SIH2025\backend\data\images\20251121_180912_636136.jpg,-,-
2025-11-21 18:14:06,22.5726,88.3639,,,,,-,-,-
2025-11-21 18:14:14,22.5726,88.3639,,,,,-,-,-
2025-11-21 18:14:22,22.5726,88.3639,,,,,-,-,-
2025-11-21 18:14:31,22.5726,88.3639,,,,,-,-,-
2025-11-21 18:14:39,22.5726,88.3639,,,,,-,-,-
2025-11-21 18:14:47,22.5726,88.3639,,,,,-,-,-
2025-11-21 18:39:21,EC:64:C9:D8:3A:25,boat1,22.5726,88.3639,118,439,483,34,69,3425,448,38,1,,-,-,-,0,-,3.7,-64
2025-11-21 18:39:29,EC:64:C9:D8:3A:25,boat1,22.5726,88.3639,61,447,204,31,66,3639,458,42,0,,-,-,-,0,-,3.7,-46
2025-11-21 18:39:37,EC:64:C9:D8:3A:25,boat1,22.5726,88.3639,337,741,763,54,71,3794,621,105,0,,-,-,-,0,-,3.7,-49
2025-11-21 18:39:46,EC:64:C9:D8:3A:25,boat1,22.5726,88.3639,234,618,288,51,89,1798,496,42,1,,-,-,-,0,-,3.7,-46
2025-11-21 18:39:54,EC:64:C9:D8:3A:25,boat1,22.5726,88.3639,48,236,868,68,55,3357,513,6,1,,-,-,-,0,-,3.7,-50
2025-11-21 18:40:02,EC:64:C9:D8:3A:25,boat1,22.5726,88.3639,356,229,497,74,85,4106,342,52,0,,-,-,-,0,-,3.7,-50
2025-11-21 18:40:11,EC:64:C9:D8:3A:25,boat1,22.5726,88.3639,13,624,687,31,37,3356,389,37,1,,-,-,-,0,-,3.7,-52
2025-11-21 18:40:19,EC:64:C9:D8:3A:25,boat1,22.5726,88.3639,83,619,293,18,92,3639,611,118,1,,-,-,-,0,-,3.7,-56
2025-11-21 18:40:27,EC:64:C9:D8:3A:25,boat1,22.5726,88.3639,31,418,880,55,30,851,335,43,1,,-,-,-,0,-,3.7,-45
2025-11-21 18:40:36,EC:64:C9:D8:3A:25,boat1,22.5726,88.3639,201,736,186,22,29,679,558,23,0,,-,-,-,0,-,3.7,-45
2025-11-21 18:40:44,EC:64:C9:D8:3A:25,boat1,22.5726,88.3639,211,202,251,79,53,2817,687,39,0,,-,-,-,0,-,3.7,-46
2025-11-21 18:40:53,EC:64:C9:D8:3A:25,boat1,22.5726,88.3639,247,560,811,59,57,4017,561,8,0,,-,-,-,0,-,3.7,-58
2025-11-21 18:41:01,EC:64:C9:D8:3A:25,boat1,22.5726,88.3639,116,609,689,40,93,339,481,137,0,,-,-,-,0,-,3.7,-52
2025-11-21 18:41:09,EC:64:C9:D8:3A:25,boat1,22.5726,88.3639,213,360,641,64,62,2905,525,15,1,,-,-,-,0,-,3.7,-47
2025-11-21 18:41:18,EC:64:C9:D8:3A:25,boat1,22.5726,88.3639,81,584,277,66,21,1894,573,147,0,,-,-,-,0,-,3.7,-46
2025-11-21 18:41:26,EC:64:C9:D8:3A:25,boat1,22.5726,88.3639,101,736,553,50,79,2331,542,151,1,,-,-,-,0,-,3.7,-54
2025-11-21 18:41:34,EC:64:C9:D8:3A:25,boat1,22.5726,88.3639,262,560,612,24,32,2136,612,196,0,,-,-,-,0,-,3.7,-47
2025-11-21 18:41:43,EC:64:C9:D8:3A:25,boat1,22.5726,88.3639,72,317,616,50,79,1381,369,81,1,,-,-,-,0,-,3.7,-55
2025-11-21 18:41:51,EC:64:C9:D8:3A:25,boat1,22.5726,88.3639,143,528,688,30,80,3230,427,76,0,,-,-,-,0,-,3.7,-51
2025-11-21 18:41:59,EC:64:C9:D8:3A:25,boat1,22.5726,88.3639,47,769,183,45,30,1926,377,179,1,,-,-,-,0,-,3.7,-54
2025-11-21 18:42:08,EC:64:C9:D8:3A:25,boat1,22.5726,88.3639,221,515,676,21,89,4701,623,139,0,,-,-,-,0,-,3.7,-44
2025-11-21 18:42:16,EC:64:C9:D8:3A:25,boat1,22.5726,88.3639,202,309,186,38,80,2152,433,121,0,,-,-,-,0,-,3.7,-52
2025-11-21 18:42:24,EC:64:C9:D8:3A:25,boat1,22.5726,88.3639,19,738,625,41,65,3988,552,33,1,,-,-,-,0,-,3.7,-50
2025-11-21 18:42:33,EC:64:C9:D8:3A:25,boat1,22.5726,88.3639,202,448,856,46,43,1124,397,119,0,,-,-,-,0,-,3.7,-46
2025-11-21 18:42:41,EC:64:C9:D8:3A:25,boat1,22.5726,88.3639,71,368,793,18,92,4189,632,179,1,,-,-,-,0,-,3.7,-53
2025-11-21 18:42:49,EC:64:C9:D8:3A:25,boat1,22.5726,88.3639,77,294,204,33,56,4311,678,98,0,,-,-,-,0,-,3.7,-46
2025-11-21 18:42:58,EC:64:C9:D8:3A:25,boat1,22.5726,88.3639,263,377,650,62,42,4455,301,181,1,,-,-,-,0,-,3.7,-46
2025-11-21 18:43:06,EC:64:C9:D8:3A:25,boat1,22.5726,88.3639,162,719,777,67,48,4172,540,180,1,,-,-,-,0,-,3.7,-50
2025-11-21 18:43:15,EC:64:C9:D8:3A:25,boat1,22.5726,88.3639,171,339,790,69,70,4502,569,39,0,,-,-,-,0,-,3.7,-48
2025-11-21 18:43:23,EC:64:C9:D8:3A:25,boat1,22.5726,88.3639,51,450,269,69,55,3693,580,162,0,,-,-,-,0,-,3.7,-50
2025-11-21 18:43:31,EC:64:C9:D8:3A:25,boat1,22.5726,88.3639,106,539,263,60,28,2753,526,63,1,,-,-,-,0,-,3.7,-51
2025-11-21 18:43:40,EC:64:C9:D8:3A:25,boat1,22.5726,88.3639,265,609,624,65,46,790,486,173,0,,-,-,-,0,-,3.7,-52
2025-11-21 18:43:48,EC:64:C9:D8:3A:25,boat1,22.5726,88.3639,212,221,806,23,26,1531,458,130,1,,-,-,-,0,-,3.7,-54
2025-11-21 18:43:56,EC:64:C9:D8:3A:25,boat1,22.5726,88.3639,313,733,158,54,26,300,488,144,0,,-,-,-,0,-,3.7,-47
2025-11-21 18:44:05,EC:64:C9:D8:3A:25,boat1,22.5726,88.3639,81,732,805,28,82,4369,507,100,1,,-,-,-,0,-,3.7,-49
2025-11-21 18:44:13,EC:64:C9:D8:3A:25,boat1,22.5726,88.3639,116,556,222,25,35,2656,342,190,0,,-,-,-,0,-,3.7,-54
2025-11-21 18:44:21,EC:64:C9:D8:3A:25,boat1,22.5726,88.3639,339,725,740,70,39,4164,632,71,1,,-,-,-,0,-,3.7,-53
2025-11-21 18:44:30,EC:64:C9:D8:3A:25,boat1,22.5726,88.3639,291,375,426,38,82,1617,539,5,0,,-,-,-,0,-,3.7,-54
2025-11-21 18:44:38,EC:64:C9:D8:3A:25,boat1,22.5726,88.3639,164,433,327,25,28,2927,343,160,0,,-,-,-,0,-,3.7,-50
2025-11-21 18:44:47,EC:64:C9:D8:3A:25,boat1,22.5726,88.3639,356,545,482,28,26,4856,465,158,0,,-,-,-,0,-,3.7,-55
2025-11-21 18:58:48,EC:64:C9:D8:3A:25,boat1,22.5726,88.3639,232,320,565,56,24,4838,621,165,1,,-,-,-,0,-,3.7,-48
2025-11-21 18:58:56,EC:64:C9:D8:3A:25,boat1,22.5726,88.3639,270,697,639,66,57,2271,442,46,1,,-,-,-,0,-,3.7,-50
2025-11-21 18:59:05,EC:64:C9:D8:3A:25,boat1,22.5726,88.3639,12,401,477,65,39,1173,370,161,0,,-,-,-,0,-,3.7,-49
2025-11-21 18:59:13,EC:64:C9:D8:3A:25,boat1,22.5726,88.3639,170,658,729,30,85,1636,610,196,1,,-,-,-,0,-,3.7,-50
2025-11-21 18:59:21,EC:64:C9:D8:3A:25,boat1,22.5726,88.3639,286,241,847,57,50,2889,595,33,1,,-,-,-,0,-,3.7,-48
2025-11-21 18:59:30,EC:64:C9:D8:3A:25,boat1,22.5726,88.3639,245,442,413,16,51,3613,470,83,0,,-,-,-,0,-,3.7,-48
2025-11-21 18:59:38,EC:64:C9:D8:3A:25,boat1,22.5726,88.3639,18,370,750,71,68,4013,621,102,0,,-,-,-,0,-,3.7,-48
2025-11-21 18:59:46,EC:64:C9:D8:3A:25,boat1,22.5726,88.3639,353,484,194,44,24,1869,304,113,1,,-,-,-,0,-,3.7,-49
2025-11-21 18:59:55,EC:64:C9:D8:3A:25,boat1,22.5726,88.3639,51,361,614,16,31,4392,506,52,0,,-,-,-,0,-,3.7,-52
2025-11-21 19:00:03,EC:64:C9:D8:3A:25,boat1,22.5726,88.3639,31,373,752,60,26,2428,650,152,1,,-,-,-,0,-,3.7,-52
2025-11-21 19:00:11,EC:64:C9:D8:3A:25,boat1,22.5726,88.3639,126,448,327,55,76,3518,307,170,1,,-,-,-,0,-,3.7,-51
2025-11-21 19:00:20,EC:64:C9:D8:3A:25,boat1,22.5726,88.3639,96,460,393,21,52,1434,458,107,1,,-,-,-,0,-,3.7,-47
2025-11-21 19:00:28,EC:64:C9:D8:3A:25,boat1,22.5726,88.3639,25,418,224,71,47,880,353,58,1,,-,-,-,0,-,3.7,-51
2025-11-21 19:00:36,EC:64:C9:D8:3A:25,boat1,22.5726,88.3639,183,794,815,40,66,2603,574,187,1,,-,-,-,0,-,3.7,-49
2025-11-21 19:00:45,EC:64:C9:D8:3A:25,boat1,22.5726,88.3639,132,739,618,21,59,2038,341,158,0,,-,-,-,0,-,3.7,-49
2025-11-21 19:00:53,EC:64:C9:D8:3A:25,boat1,22.5726,88.3639,355,443,721,61,60,3563,550,92,0,,-,-,-,0,-,3.7,-51
2025-11-21 19:01:01,EC:64:C9:D8:3A:25,boat1,22.5726,88.3639,110,496,842,48,22,3069,347,20,1,,-,-,-,0,-,3.7,-52
2025-11-21 19:01:10,EC:64:C9:D8:3A:25,boat1,22.5726,88.3639,216,602,173,64,31,4851,338,19,0,,-,-,-,0,-,3.7,-48
2025-11-21 19:01:18,EC:64:C9:D8:3A:25,boat1,22.5726,88.3639,241,370,290,58,27,434,521,171,1,,-,-,-,0,-,3.7,-51
2025-11-21 19:01:27,EC:64:C9:D8:3A:25,boat1,22.5726,88.3639,153,517,450,76,87,1216,483,155,0,,-,-,-,0,-,3.7,-51
2025-11-22 06:44:41,EC:64:C9:D8:3A:25,boat1,22.5726,88.3639,207,682,164,66,22,4793,441,133,0,,plastic:0.88,plastic:0.88,-,0,-,3.7,-56
2025-11-22 06:44:49,EC:64:C9:D8:3A:25,boat1,22.5726,88.3639,33,659,697,46,63,4284,379,106,1,,plastic:0.88,plastic:0.88,-,0,-,3.7,-58
2025-11-22 06:44:57,EC:64:C9:D8:3A:25,boat1,22.5726,88.3639,204,695,690,57,48,2156,417,167,1,,plastic:0.88,plastic:0.88,-,0,-,3.7,-58
2025-11-22 06:45:05,EC:64:C9:D8:3A:25,boat1,22.5726,88.3639,181,311,612,30,88,1768,318,183,0,,plastic:0.88,plastic:0.88,-,0,-,3.7,-55
2025-11-22 06:45:17,EC:64:C9:D8:3A:25,boat1,22.5726,88.3639,158,500,588,50,84,2838,669,179,0,,plastic:0.88,plastic:0.88,-,0,-,3.7,-57
2025-11-22 06:45:25,EC:64:C9:D8:3A:25,boat1,22.5726,88.3639,152,575,403,45,89,1863,600,132,1,,plastic:0.88,plastic:0.88,-,0,-,3.7,-59
2025-11-22 06:45:33,EC:64:C9:D8:3A:25,boat1,22.5726,88.3639,109,432,285,45,22,2486,413,24,0,,plastic:0.88,plastic:0.88,-,0,-,3.7,-57
2025-11-22 06:45:42,EC:64:C9:D8:3A:25,boat1,22.5726,88.3639,9,602,536,33,41,4889,462,52,0,,plastic:0.88,plastic:0.88,-,0,-,3.7,-52
2025-11-22 06:45:58,EC:64:C9:D8:3A:25,boat1,22.5726,88.3639,251,566,636,10,41,2793,564,73,0,,-,-,-,0,-,3.7,-55
2025-11-22 06:46:06,EC:64:C9:D8:3A:25,boat1,22.5726,88.3639,345,521,330,78,21,3057,308,172,1,,plastic:0.88,plastic:0.88,-,0,-,3.7,-58
2025-11-22 06:46:15,EC:64:C9:D8:3A:25,boat1,22.5726,88.3639,269,764,291,16,29,806,330,88,0,,plastic:0.88,plastic:0.88,-,0,-,3.7,-58
2025-11-22 06:46:23,EC:64:C9:D8:3A:25,boat1,22.5726,88.3639,338,491,153,65,72,4522,669,161,1,,plastic:0.88,plastic:0.88,-,0,-,3.7,-58
2025-11-22 06:46:31,EC:64:C9:D8:3A:25,boat1,22.5726,88.3639,10,241,269,28,83,2507,545,87,1,,plastic:0.88,plastic:0.88,-,0,-,3.7,-59
2025-11-22 06:46:40,EC:64:C9:D8:3A:25,boat1,22.5726,88.3639,291,503,480,49,62,3797,520,126,0,,plastic:0.88,plastic:0.88,-,0,-,3.7,-52
2025-11-22 06:46:48,EC:64:C9:D8:3A:25,boat1,22.5726,88.3639,265,608,473,76,85,1864,649,188,0,,plastic:0.88,plastic:0.88,-,0,-,3.7,-47
2025-11-22 06:47:18,EC:64:C9:D8:3A:25,boat1,22.5726,88.3639,319,750,381,10,78,1074,464,173,1,,plastic:0.88,plastic:0.88,-,0,-,3.7,-52
2025-11-22 06:47:29,EC:64:C9:D8:3A:25,boat1,22.5726,88.3639,305,485,822,48,81,1402,613,148,0,,plastic:0.88,plastic:0.88,-,0,-,3.7,-36
2025-11-22 06:47:38,EC:64:C9:D8:3A:25,boat1,22.5726,88.3639,223,659,837,44,87,1672,377,68,1,,plastic:0.88,plastic:0.88,-,0,-,3.7,-48
2025-11-22 06:47:46,EC:64:C9:D8:3A:25,boat1,22.5726,88.3639,307,230,150,18,61,4869,609,39,0,,plastic:0.88,plastic:0.88,-,0,-,3.7,-48
2025-11-22 06:47:54,EC:64:C9:D8:3A:25,boat1,22.5726,88.3639,224,477,297,62,84,1561,573,22,0,,plastic:0.88,plastic:0.88,-,0,-,3.7,-49
2025-11-22 06:48:03,EC:64:C9:D8:3A:25,boat1,22.5726,88.3639,82,270,403,45,35,3268,370,135,0,,plastic:0.88,plastic:0.88,-,0,-,3.7,-47
2025-11-22 06:48:11,EC:64:C9:D8:3A:25,boat1,22.5726,88.3639,294,492,153,62,50,4871,644,47,0,,plastic:0.88,plastic:0.88,-,0,-,3.7,-47
2025-11-22 06:48:20,EC:64:C9:D8:3A:25,boat1,22.5726,88.3639,232,412,628,56,30,743,472,87,0,,plastic:0.88,plastic:0.88,-,0,-,3.7,-54
2025-11-22 06:48:31,EC:64:C9:D8:3A:25,boat1,22.5726,88.3639,45,214,423,22,65,541,313,90,0,,plastic:0.88,plastic:0.88,-,0,-,3.7,-62
2025-11-22 06:48:39,EC:64:C9:D8:3A:25,boat1,22.5726,88.3639,167,569,345,25,22,4896,529,73,1,,plastic:0.88,plastic:0.88,-,0,-,3.7,-55
2025-11-22 06:48:48,EC:64:C9:D8:3A:25,boat1,22.5726,88.3639,329,607,665,74,23,4077,476,168,0,,plastic:0.88,plastic:0.88,-,0,-,3.7,-53
2025-11-22 06:48:56,EC:64:C9:D8:3A:25,boat1,22.5726,88.3639,192,306,638,58,59,3819,622,151,0,,plastic:0.88,plastic:0.88,-,0,-,3.7,-58
2025-11-22 06:49:05,EC:64:C9:D8:3A:25,boat1,22.5726,88.3639,95,755,679,44,48,1758,675,30,1,,plastic:0.88,plastic:0.88,-,0,-,3.7,-53
2025-11-22 06:49:13,EC:64:C9:D8:3A:25,boat1,22.5726,88.3639,65,787,409,43,24,3614,630,50,0,,plastic:0.88,plastic:0.88,-,0,-,3.7,-53
2025-11-22 06:49:21,EC:64:C9:D8:3A:25,boat1,22.5726,88.3639,307,221,773,35,39,1093,659,18,0,,plastic:0.88,plastic:0.88,-,0,-,3.7,-48
2025-11-22 06:49:30,EC:64:C9:D8:3A:25,boat1,22.5726,88.3639,116,331,809,54,46,4545,579,155,1,,plastic:0.88,plastic:0.88,-,0,-,3.7,-49
2025-11-22 06:49:38,EC:64:C9:D8:3A:25,boat1,22.5726,88.3639,179,789,391,26,94,2955,503,20,0,,plastic:0.88,plastic:0.88,-,0,-,3.7,-48
2025-11-22 06:49:47,EC:64:C9:D8:3A:25,boat1,22.5726,88.3639,183,460,186,12,47,667,371,146,1,,plastic:0.88,plastic:0.88,-,0,-,3.7,-52
2025-11-22 06:49:55,EC:64:C9:D8:3A:25,boat1,22.5726,88.3639,138,209,455,31,58,4733,450,168,1,,plastic:0.88,plastic:0.88,-,0,-,3.7,-50
2025-11-22 06:50:04,EC:64:C9:D8:3A:25,boat1,22.5726,88.3639,52,590,489,41,49,1559,340,52,0,,plastic:0.88,plastic:0.88,-,0,-,3.7,-44
2025-11-22 06:50:12,EC:64:C9:D8:3A:25,boat1,22.5726,88.3639,133,439,312,30,46,4097,401,179,0,,plastic:0.88,plastic:0.88,-,0,-,3.7,-58
2025-11-22 06:50:21,EC:64:C9:D8:3A:25,boat1,22.5726,88.3639,23,284,218,14,74,1179,690,5,0,,plastic:0.88,plastic:0.88,-,0,-,3.7,-51
2025-11-22 06:50:35,EC:64:C9:D8:3A:25,boat1,22.5726,88.3639,94,532,802,47,54,2848,319,193,0,,-,-,-,0,-,3.7,-58
2025-11-22 06:50:48,EC:64:C9:D8:3A:25,boat1,22.5726,88.3639,292,236,347,18,46,1856,638,120,0,,-,-,-,0,-,3.7,-55
2025-11-22 06:50:57,EC:64:C9:D8:3A:25,boat1,22.5726,88.3639,95,401,833,77,86,2478,667,19,0,,plastic:0.88,plastic:0.88,-,0,-,3.7,-54
2025-11-22 06:51:05,EC:64:C9:D8:3A:25,boat1,22.5726,88.3639,94,451,606,39,40,4163,506,124,0,,plastic:0.88,plastic:0.88,-,0,-,3.7,-57
2025-11-22 06:52:04,EC:64:C9:D8:3A:25,boat1,22.5726,88.3639,35,500,178,51,33,3410,634,104,1,,-,-,-,0,-,3.7,-60
2025-11-22 06:52:20,EC:64:C9:D8:3A:25,boat1,22.5726,88.3639,181,414,340,51,28,3342,388,171,0,,-,-,-,0,-,3.7,-60
2025-11-22 06:52:30,EC:64:C9:D8:3A:25,boat1,22.5726,88.3639,179,683,714,62,57,2500,619,173,0,,-,-,-,0,-,3.7,-61
2025-11-22 06:53:01,EC:64:C9:D8:3A:25,boat1,22.5726,88.3639,355,433,702,31,91,4580,438,139,0,,plastic:0.88,plastic:0.88,-,0,-,3.7,-58
2025-11-22 06:53:09,EC:64:C9:D8:3A:25,boat1,22.5726,88.3639,311,204,746,19,77,913,399,152,1,,plastic:0.88,plastic:0.88,-,0,-,3.7,-62
2025-11-22 06:53:47,EC:64:C9:D8:3A:25,boat1,22.5726,88.3639,252,544,239,62,63,871,441,44,0,,plastic:0.88,plastic:0.88,-,0,-,3.7,-58
2025-11-22 06:53:55,EC:64:C9:D8:3A:25,boat1,22.5726,88.3639,49,587,582,79,50,866,369,77,0,,plastic:0.88,plastic:0.88,-,0,-,3.7,-55
2025-11-22 06:54:03,EC:64:C9:D8:3A:25,boat1,22.5726,88.3639,35,463,519,37,71,906,660,191,0,,plastic:0.88,plastic:0.88,-,0,-,3.7,-38
2025-11-22 06:54:12,EC:64:C9:D8:3A:25,boat1,22.5726,88.3639,248,282,311,30,58,538,357,42,0,,plastic:0.88,plastic:0.88,-,0,-,3.7,-38
2025-11-22 06:54:21,EC:64:C9:D8:3A:25,boat1,22.5726,88.3639,121,264,393,48,25,3149,393,74,1,,plastic:0.88,plastic:0.88,-,0,-,3.7,-34
2025-11-22 06:54:29,EC:64:C9:D8:3A:25,boat1,22.5726,88.3639,343,476,573,54,84,4497,563,174,1,,plastic:0.88,plastic:0.88,-,0,-,3.7,-45
2025-11-22 06:54:37,EC:64:C9:D8:3A:25,boat1,22.5726,88.3639,259,454,845,22,46,4647,576,32,0,,plastic:0.88,plastic:0.88,-,0,-,3.7,-48
2025-11-22 06:54:49,EC:64:C9:D8:3A:25,boat1,22.5726,88.3639,332,440,522,45,75,3455,690,51,0,,plastic:0.88,plastic:0.88,-,0,-,3.7,-45
2025-11-22 06:55:00,EC:64:C9:D8:3A:25,boat1,22.5726,88.3639,254,379,303,65,77,1444,619,188,1,,plastic:0.88,plastic:0.88,-,0,-,3.7,-42
2025-11-22 06:55:09,EC:64:C9:D8:3A:25,boat1,22.5726,88.3639,77,379,274,50,89,2289,628,129,1,,plastic:0.88,plastic:0.88,-,0,-,3.7,-47
2025-11-22 06:55:30,EC:64:C9:D8:3A:25,boat1,22.5726,88.3639,140,621,779,61,72,2204,488,108,0,,plastic:0.88,plastic:0.88,-,0,-,3.7,-51
2025-11-22 06:55:39,EC:64:C9:D8:3A:25,boat1,22.5726,88.3639,33,278,456,16,41,4955,590,173,1,,plastic:0.88,plastic:0.88,-,0,-,3.7,-43
2025-11-22 06:55:50,EC:64:C9:D8:3A:25,boat1,22.5726,88.3639,335,250,650,76,24,1988,349,103,0,,plastic:0.88,plastic:0.88,-,0,-,3.7,-49
2025-11-22 06:55:59,EC:64:C9:D8:3A:25,boat1,22.5726,88.3639,254,558,731,65,69,3545,376,88,0,,plastic:0.88,plastic:0.88,-,0,-,3.7,-45
2025-11-22 06:56:10,EC:64:C9:D8:3A:25,boat1,22.5726,88.3639,130,520,673,55,25,4023,679,32,0,,plastic:0.88,plastic:0.88,-,0,-,3.7,-45
2025-11-22 06:56:18,EC:64:C9:D8:3A:25,boat1,22.5726,88.3639,122,285,203,14,82,4226,556,83,1,,plastic:0.88,plastic:0.88,-,0,-,3.7,-42
2025-11-22 06:56:26,EC:64:C9:D8:3A:25,boat1,22.5726,88.3639,205,487,697,23,53,2702,350,63,0,,plastic:0.88,plastic:0.88,-,0,-,3.7,-39
2025-11-22 06:56:38,EC:64:C9:D8:3A:25,boat1,22.5726,88.3639,258,518,886,42,76,4549,439,136,0,,plastic:0.88,plastic:0.88,-,0,-,3.7,-53
2025-11-22 06:56:47,EC:64:C9:D8:3A:25,boat1,22.5726,88.3639,287,398,743,48,65,2009,537,81,1,,plastic:0.88,plastic:0.88,-,0,-,3.7,-47
2025-11-22 06:57:01,EC:64:C9:D8:3A:25,boat1,22.5726,88.3639,234,611,873,69,36,2644,639,92,1,,plastic:0.88,plastic:0.88,-,0,-,3.7,-52
2025-11-22 06:57:10,EC:64:C9:D8:3A:25,boat1,22.5726,88.3639,354,305,814,33,93,218,318,176,1,,plastic:0.88,plastic:0.88,-,0,-,3.7,-51
2025-11-22 06:57:18,EC:64:C9:D8:3A:25,boat1,22.5726,88.3639,82,772,540,27,68,2448,645,66,0,,plastic:0.88,plastic:0.88,-,0,-,3.7,-49
2025-11-22 06:57:27,EC:64:C9:D8:3A:25,boat1,22.5726,88.3639,354,295,595,19,25,3974,569,51,1,,plastic:0.88,plastic:0.88,-,0,-,3.7,-51
2025-11-22 06:57:35,EC:64:C9:D8:3A:25,boat1,22.5726,88.3639,70,274,529,61,68,4837,623,65,0,,plastic:0.88,plastic:0.88,-,0,-,3.7,-55
2025-11-22 06:57:43,EC:64:C9:D8:3A:25,boat1,22.5726,88.3639,292,653,470,11,56,1677,528,81,0,,plastic:0.88,plastic:0.88,-,0,-,3.7,-54
2025-11-22 06:57:51,EC:64:C9:D8:3A:25,boat1,22.5726,88.3639,92,230,399,44,36,4384,462,168,0,,plastic:0.88,plastic:0.88,-,0,-,3.7,-48
2025-11-22 06:58:00,EC:64:C9:D8:3A:25,boat1,22.5726,88.3639,344,457,767,58,56,1506,379,86,1,,plastic:0.88,plastic:0.88,-,0,-,3.7,-53
2025-11-22 06:58:08,EC:64:C9:D8:3A:25,boat1,22.5726,88.3639,281,618,288,27,73,252,683,45,1,,plastic:0.88,plastic:0.88,-,0,-,3.7,-52
2025-11-22 06:58:17,EC:64:C9:D8:3A:25,boat1,22.5726,88.3639,20,423,692,59,65,1357,638,62,1,,plastic:0.88,plastic:0.88,-,0,-,3.7,-46
2025-11-22 06:58:25,EC:64:C9:D8:3A:25,boat1,22.5726,88.3639,57,319,777,69,34,3114,531,64,0,,plastic:0.88,plastic:0.88,-,0,-,3.7,-46
2025-11-22 06:58:34,EC:64:C9:D8:3A:25,boat1,22.5726,88.3639,242,433,859,72,30,823,303,87,0,,plastic:0.88,plastic:0.88,-,0,-,3.7,-51
2025-11-22 06:58:43,EC:64:C9:D8:3A:25,boat1,22.5726,88.3639,26,760,437,39,29,1541,526,149,1,,plastic:0.88,plastic:0.88,-,0,-,3.7,-44
2025-11-22 06:58:51,EC:64:C9:D8:3A:25,boat1,22.5726,88.3639,319,729,553,39,50,1614,414,16,1,,plastic:0.88,plastic:0.88,-,0,-,3.7,-52
2025-11-22 06:59:02,EC:64:C9:D8:3A:25,boat1,22.5726,88.3639,339,650,665,59,56,4694,416,60,1,,plastic:0.88,plastic:0.88,-,0,-,3.7,-53
2025-11-22 06:59:12,EC:64:C9:D8:3A:25,boat1,22.5726,88.3639,45,483,821,19,39,2328,412,117,0,,plastic:0.88,plastic:0.88,-,0,-,3.7,-58
2025-11-22 07:00:05,EC:64:C9:D8:3A:25,boat1,22.5726,88.3639,255,695,849,42,50,899,429,60,1,,-,-,-,0,-,3.7,-60
2025-11-22 07:01:08,EC:64:C9:D8:3A:25,boat1,22.5726,88.3639,230,328,677,73,70,3888,675,198,0,,plastic:0.88,plastic:0.88,-,0,-,3.7,-60
2025-11-22 07:01:19,EC:64:C9:D8:3A:25,boat1,22.5726,88.3639,295,732,175,36,50,903,318,71,0,,plastic:0.88,plastic:0.88,-,0,-,3.7,-57
2025-11-22 07:01:48,EC:64:C9:D8:3A:25,boat1,22.5726,88.3639,326,241,879,52,37,4355,680,86,0,,plastic:0.88,plastic:0.88,-,0,-,3.7,-56
2025-11-22 07:02:13,EC:64:C9:D8:3A:25,boat1,22.5726,88.3639,349,554,504,74,72,3535,352,91,0,,plastic:0.88,plastic:0.88,-,0,-,3.7,-58
2025-11-22 07:02:31,EC:64:C9:D8:3A:25,boat1,22.5726,88.3639,55,446,420,43,71,4382,373,50,1,,plastic:0.88,plastic:0.88,-,0,-,3.7,-58
2025-11-22 07:02:39,EC:64:C9:D8:3A:25,boat1,22.5726,88.3639,322,314,210,52,43,1641,591,20,0,,plastic:0.88,plastic:0.88,-,0,-,3.7,-57
2025-11-22 07:02:48,EC:64:C9:D8:3A:25,boat1,22.5726,88.3639,92,226,825,54,92,230,397,185,0,,plastic:0.88,plastic:0.88,-,0,-,3.7,-47
2025-11-22 07:03:15,EC:64:C9:D8:3A:25,boat1,22.5726,88.3639,242,402,176,33,77,3825,630,68,1,,plastic:0.88,plastic:0.88,-,0,-,3.7,-57
2025-11-22 07:03:27,EC:64:C9:D8:3A:25,boat1,22.5726,88.3639,213,471,618,65,92,3369,626,87,0,,plastic:0.88,plastic:0.88,-,0,-,3.7,-56
2025-11-22 07:03:35,EC:64:C9:D8:3A:25,boat1,22.5726,88.3639,1,529,684,71,85,1127,414,164,0,,plastic:0.88,plastic:0.88,-,0,-,3.7,-57
2025-11-22 07:03:44,EC:64:C9:D8:3A:25,boat1,22.5726,88.3639,233,778,719,55,71,363,515,175,0,,plastic:0.88,plastic:0.88,-,0,-,3.7,-58
2025-11-22 07:03:53,EC:64:C9:D8:3A:25,boat1,22.5726,88.3639,229,737,791,46,61,1634,334,137,1,,plastic:0.88,plastic:0.88,-,0,-,3.7,-57
2025-11-22 07:04:06,EC:64:C9:D8:3A:25,boat1,22.5726,88.3639,177,469,746,52,74,4170,571,99,0,,-,-,-,0,-,3.7,-60
2025-11-22 07:04:36,EC:64:C9:D8:3A:25,boat1,22.5726,88.3639,226,558,672,65,75,4868,466,121,0,,plastic:0.88,plastic:0.88,-,0,-,3.7,-53
2025-11-22 07:04:47,EC:64:C9:D8:3A:25,boat1,22.5726,88.3639,84,412,577,75,48,1153,677,152,1,,plastic:0.88,plastic:0.88,-,0,-,3.7,-50
2025-11-22 07:04:56,EC:64:C9:D8:3A:25,boat1,22.5726,88.3639,61,643,702,49,93,946,610,50,1,,plastic:0.88,plastic:0.88,-,0,-,3.7,-53
2025-11-22 07:05:07,EC:64:C9:D8:3A:25,boat1,22.5726,88.3639,156,373,247,58,60,3064,680,151,1,,plastic:0.88,plastic:0.88,-,0,-,3.7,-59
2025-11-22 07:05:19,EC:64:C9:D8:3A:25,boat1,22.5726,88.3639,138,311,888,51,21,4446,674,188,1,,plastic:0.88,plastic:0.88,-,0,-,3.7,-55
2025-11-22 07:05:27,EC:64:C9:D8:3A:25,boat1,22.5726,88.3639,255,598,434,49,80,1847,439,158,0,,plastic:0.88,plastic:0.88,-,0,-,3.7,-51
2025-11-22 07:05:39,EC:64:C9:D8:3A:25,boat1,22.5726,88.3639,331,705,476,59,87,4096,689,89,1,,plastic:0.88,plastic:0.88,-,0,-,3.7,-53
2025-11-22 07:05:53,EC:64:C9:D8:3A:25,boat1,22.5726,88.3639,229,272,172,55,33,4625,411,90,0,,plastic:0.88,plastic:0.88,-,0,-,3.7,-60
2025-11-22 07:06:02,EC:64:C9:D8:3A:25,boat1,22.5726,88.3639,290,734,425,58,71,1251,440,92,0,,plastic:0.88,plastic:0.88,-,0,-,3.7,-53
2025-11-22 07:06:10,EC:64:C9:D8:3A:25,boat1,22.5726,88.3639,32,481,322,27,89,1949,461,69,1,,plastic:0.88,plastic:0.88,-,0,-,3.7,-53
2025-11-22 07:06:19,EC:64:C9:D8:3A:25,boat1,22.5726,88.3639,210,490,472,10,25,2931,525,29,0,,plastic:0.88,plastic:0.88,-,0,-,3.7,-52
2025-11-22 07:06:28,EC:64:C9:D8:3A:25,boat1,22.5726,88.3639,164,346,750,39,64,2718,602,190,1,,plastic:0.88,plastic:0.88,-,0,-,3.7,-54
2025-11-22 07:06:36,EC:64:C9:D8:3A:25,boat1,22.5726,88.3639,177,739,871,29,72,3628,589,95,1,,plastic:0.88,plastic:0.88,-,0,-,3.7,-55
2025-11-22 07:06:44,EC:64:C9:D8:3A:25,boat1,22.5726,88.3639,5,684,693,64,87,1019,517,82,1,,plastic:0.88,plastic:0.88,-,0,-,3.7,-56
2025-11-22 07:06:56,EC:64:C9:D8:3A:25,boat1,22.5726,88.3639,296,721,223,46,35,427,664,117,1,,plastic:0.88,plastic:0.88,-,0,-,3.7,-58
2025-11-22 07:07:05,EC:64:C9:D8:3A:25,boat1,22.5726,88.3639,135,788,570,51,41,2043,415,99,0,,plastic:0.88,plastic:0.88,-,0,-,3.7,-46
2025-11-22 07:07:13,EC:64:C9:D8:3A:25,boat1,22.5726,88.3639,43,725,636,43,55,353,684,116,0,,plastic:0.88,plastic:0.88,-,0,-,3.7,-42
2025-11-22 07:07:21,EC:64:C9:D8:3A:25,boat1,22.5726,88.3639,318,244,858,42,54,4434,672,60,1,,plastic:0.88,plastic:0.88,-,0,-,3.7,-46
2025-11-22 07:07:30,EC:64:C9:D8:3A:25,boat1,22.5726,88.3639,340,257,164,33,89,3069,437,97,0,,plastic:0.88,plastic:0.88,-,0,-,3.7,-44
2025-11-22 07:07:38,EC:64:C9:D8:3A:25,boat1,22.5726,88.3639,274,405,826,29,35,1900,396,88,1,,plastic:0.88,plastic:0.88,-,0,-,3.7,-47
2025-11-22 07:07:47,EC:64:C9:D8:3A:25,boat1,22.5726,88.3639,56,715,165,38,32,3712,326,161,1,,plastic:0.88,plastic:0.88,-,0,-,3.7,-45
2025-11-22 07:07:55,EC:64:C9:D8:3A:25,boat1,22.5726,88.3639,108,231,394,52,60,2409,636,122,1,,plastic:0.88,plastic:0.88,-,0,-,3.7,-38
2025-11-22 07:08:04,EC:64:C9:D8:3A:25,boat1,22.5726,88.3639,275,407,593,38,36,619,654,106,1,,plastic:0.88,plastic:0.88,-,0,-,3.7,-46
2025-11-22 07:08:15,EC:64:C9:D8:3A:25,boat1,22.5726,88.3639,115,684,231,68,28,4177,408,134,1,,plastic:0.88,plastic:0.88,-,0,-,3.7,-58
2025-11-22 07:08:31,EC:64:C9:D8:3A:25,boat1,22.5726,88.3639,205,646,735,12,54,3361,520,77,0,,-,-,-,0,-,3.7,-52
2025-11-22 07:08:43,EC:64:C9:D8:3A:25,boat1,22.5726,88.3639,101,331,376,21,52,3222,696,30,0,,plastic:0.88,plastic:0.88,-,0,-,3.7,-55
2025-11-22 07:08:51,EC:64:C9:D8:3A:25,boat1,22.5726,88.3639,298,649,276,68,58,4239,562,130,0,,plastic:0.88,plastic:0.88,-,0,-,3.7,-51
2025-11-22 07:09:00,EC:64:C9:D8:3A:25,boat1,22.5726,88.3639,200,309,804,33,67,2638,543,35,1,,plastic:0.88,plastic:0.88,-,0,-,3.7,-54
2025-11-22 07:09:08,EC:64:C9:D8:3A:25,boat1,22.5726,88.3639,355,552,846,43,54,910,479,48,1,,plastic:0.88,plastic:0.88,-,0,-,3.7,-55
2025-11-22 07:09:17,EC:64:C9:D8:3A:25,boat1,22.5726,88.3639,119,702,458,47,55,1944,314,171,1,,plastic:0.88,plastic:0.88,-,0,-,3.7,-59
2025-11-22 07:09:26,EC:64:C9:D8:3A:25,boat1,22.5726,88.3639,274,655,289,60,40,2023,570,185,1,,plastic:0.88,plastic:0.88,-,0,-,3.7,-49
2025-11-22 07:09:34,EC:64:C9:D8:3A:25,boat1,22.5726,88.3639,235,339,453,29,82,1176,410,112,0,,plastic:0.88,plastic:0.88,-,0,-,3.7,-51
2025-11-22 07:09:42,EC:64:C9:D8:3A:25,boat1,22.5726,88.3639,259,337,585,46,26,524,492,155,1,,plastic:0.88,plastic:0.88,-,0,-,3.7,-52
2025-11-22 07:09:51,EC:64:C9:D8:3A:25,boat1,22.5726,88.3639,86,748,430,47,68,4356,355,189,0,,plastic:0.88,plastic:0.88,-,0,-,3.7,-53
2025-11-22 07:09:59,EC:64:C9:D8:3A:25,boat1,22.5726,88.3639,17,623,815,21,56,2194,544,77,0,,plastic:0.88,plastic:0.88,-,0,-,3.7,-52
2025-11-22 07:10:07,EC:64:C9:D8:3A:25,boat1,22.5726,88.3639,190,228,531,22,39,2502,319,169,0,,plastic:0.88,plastic:0.88,-,0,-,3.7,-49
2025-11-22 07:10:19,EC:64:C9:D8:3A:25,boat1,22.5726,88.3639,331,317,402,78,29,2495,490,194,0,,plastic:0.88,plastic:0.88,-,0,-,3.7,-55
2025-11-22 07:10:28,EC:64:C9:D8:3A:25,boat1,22.5726,88.3639,27,440,184,14,75,3302,487,63,1,,plastic:0.88,plastic:0.88,-,0,-,3.7,-51
2025-11-22 07:10:36,EC:64:C9:D8:3A:25,boat1,22.5726,88.3639,164,492,671,55,67,3844,385,187,0,,plastic:0.88,plastic:0.88,-,0,-,3.7,-52
2025-11-22 07:10:44,EC:64:C9:D8:3A:25,boat1,22.5726,88.3639,125,240,236,26,77,1422,673,196,1,,plastic:0.88,plastic:0.88,-,0,-,3.7,-50
2025-11-22 07:10:52,EC:64:C9:D8:3A:25,boat1,22.5726,88.3639,131,378,253,32,37,4044,375,60,0,,plastic:0.88,plastic:0.88,-,0,-,3.7,-56
2025-11-22 07:11:01,EC:64:C9:D8:3A:25,boat1,22.5726,88.3639,293,535,210,12,23,2996,497,147,1,,plastic:0.88,plastic:0.88,-,0,-,3.7,-56
2025-11-22 07:11:09,EC:64:C9:D8:3A:25,boat1,22.5726,88.3639,7,227,806,28,81,3557,625,39,0,,plastic:0.88,plastic:0.88,-,0,-,3.7,-52
2025-11-22 07:11:18,EC:64:C9:D8:3A:25,boat1,22.5726,88.3639,26,353,815,47,30,398,670,188,0,,plastic:0.88,plastic:0.88,-,0,-,3.7,-54
2025-11-22 07:11:26,EC:64:C9:D8:3A:25,boat1,22.5726,88.3639,330,721,233,67,62,3562,643,118,0,,plastic:0.88,plastic:0.88,-,0,-,3.7,-55
2025-11-22 07:11:34,EC:64:C9:D8:3A:25,boat1,22.5726,88.3639,289,367,609,57,70,2736,551,192,1,,plastic:0.88,plastic:0.88,-,0,-,3.7,-55
2025-11-22 07:11:43,EC:64:C9:D8:3A:25,boat1,22.5726,88.3639,48,428,753,46,26,4232,629,134,1,,plastic:0.88,plastic:0.88,-,0,-,3.7,-55
2025-11-22 07:11:51,EC:64:C9:D8:3A:25,boat1,22.5726,88.3639,222,548,590,79,73,286,615,133,1,,plastic:0.88,plastic:0.88,-,0,-,3.7,-55
2025-11-22 07:11:59,EC:64:C9:D8:3A:25,boat1,22.5726,88.3639,237,389,244,50,50,1886,549,199,1,,plastic:0.88,plastic:0.88,-,0,-,3.7,-53
2025-11-22 07:12:08,EC:64:C9:D8:3A:25,boat1,22.5726,88.3639,62,473,705,21,60,2127,448,178,1,,plastic:0.88,plastic:0.88,-,0,-,3.7,-54
2025-11-22 07:12:16,EC:64:C9:D8:3A:25,boat1,22.5726,88.3639,197,205,523,11,80,956,387,148,0,,plastic:0.88,plastic:0.88,-,0,-,3.7,-54
2025-11-22 07:12:25,EC:64:C9:D8:3A:25,boat1,22.5726,88.3639,55,751,193,74,92,4663,464,32,0,,plastic:0.88,plastic:0.88,-,0,-,3.7,-57
2025-11-22 07:12:33,EC:64:C9:D8:3A:25,boat1,22.5726,88.3639,335,353,656,66,71,1809,327,40,1,,plastic:0.88,plastic:0.88,-,0,-,3.7,-54
2025-11-22 07:12:42,EC:64:C9:D8:3A:25,boat1,22.5726,88.3639,18,394,221,62,90,3812,340,38,0,,plastic:0.88,plastic:0.88,-,0,-,3.7,-54
2025-11-22 07:12:50,EC:64:C9:D8:3A:25,boat1,22.5726,88.3639,252,417,877,35,51,4362,428,38,0,,plastic:0.88,plastic:0.88,-,0,-,3.7,-54
2025-11-22 07:12:58,EC:64:C9:D8:3A:25,boat1,22.5726,88.3639,317,683,469,43,42,1837,514,179,1,,plastic:0.88,plastic:0.88,-,0,-,3.7,-57
2025-11-22 07:13:07,EC:64:C9:D8:3A:25,boat1,22.5726,88.3639,4,241,610,42,37,4164,672,29,0,,plastic:0.88,plastic:0.88,-,0,-,3.7,-56
2025-11-22 07:13:15,EC:64:C9:D8:3A:25,boat1,22.5726,88.3639,26,589,828,31,81,554,345,122,0,,plastic:0.88,plastic:0.88,-,0,-,3.7,-55
2025-11-22 07:13:23,EC:64:C9:D8:3A:25,boat1,22.5726,88.3639,162,279,194,13,58,2695,455,147,0,,plastic:0.88,plastic:0.88,-,0,-,3.7,-57
